user_id,R,F,M,Cluster,Segment,Strategy
AA-10315,649,5,4433.032,1,潜力增长用户,"发放优惠券, 推荐相关产品, 激励其提高消费频率"
AA-10375,30,9,407.118,1,潜力增长用户,"发放优惠券, 推荐相关产品, 激励其提高消费频率"
AA-10480,1347,1,27.46,3,低价值或流失客户,"维持基本服务, 减少营销投入"
AA-10645,215,12,2008.705,1,潜力增长用户,"发放优惠券, 推荐相关产品, 激励其提高消费频率"
AB-10015,427,5,873.5319999999999,0,需要唤醒的客户,"通过邮件/短信进行召回, 提供限时优惠"
AB-10060,160,12,7354.214,2,高价值核心用户,"提供VIP服务, 新品优先体验, 定制化关怀"
AB-10105,220,9,1299.154,1,潜力增长用户,"发放优惠券, 推荐相关产品, 激励其提高消费频率"
AB-10150,247,7,812.462,1,潜力增长用户,"发放优惠券, 推荐相关产品, 激励其提高消费频率"
AB-10165,214,3,86.48,0,需要唤醒的客户,"通过邮件/短信进行召回, 提供限时优惠"
AB-10255,309,5,121.582,0,需要唤醒的客户,"通过邮件/短信进行召回, 提供限时优惠"
AB-10600,62,5,1475.054,0,需要唤醒的客户,"通过邮件/短信进行召回, 提供限时优惠"
AC-10420,7,4,868.2239999999999,0,需要唤醒的客户,"通过邮件/短信进行召回, 提供限时优惠"
AC-10450,277,3,1864.192,0,需要唤醒的客户,"通过邮件/短信进行召回, 提供限时优惠"
AC-10615,306,12,2255.868,1,潜力增长用户,"发放优惠券, 推荐相关产品, 激励其提高消费频率"
AD-10180,334,3,932.0699999999999,0,需要唤醒的客户,"通过邮件/短信进行召回, 提供限时优惠"
AF-10870,555,3,37.163999999999994,0,需要唤醒的客户,"通过邮件/短信进行召回, 提供限时优惠"
AF-10885,427,5,489.905,0,需要唤醒的客户,"通过邮件/短信进行召回, 提供限时优惠"
AG-10300,278,2,87.89999999999999,0,需要唤醒的客户,"通过邮件/短信进行召回, 提供限时优惠"
AG-10330,61,4,357.62,0,需要唤醒的客户,"通过邮件/短信进行召回, 提供限时优惠"
AG-10390,156,3,38.864000000000004,0,需要唤醒的客户,"通过邮件/短信进行召回, 提供限时优惠"
AG-10495,761,3,734.398,3,低价值或流失客户,"维持基本服务, 减少营销投入"
AG-10525,886,9,1455.038,3,低价值或流失客户,"维持基本服务, 减少营销投入"
AG-10675,97,8,2943.4796000000006,1,潜力增长用户,"发放优惠券, 推荐相关产品, 激励其提高消费频率"
AG-10765,822,2,123.83999999999999,3,低价值或流失客户,"维持基本服务, 减少营销投入"
AG-10900,278,8,2246.513,1,潜力增长用户,"发放优惠券, 推荐相关产品, 激励其提高消费频率"
AH-10120,130,4,609.5020000000001,0,需要唤醒的客户,"通过邮件/短信进行召回, 提供限时优惠"
AH-10195,215,3,148.97,0,需要唤醒的客户,"通过邮件/短信进行召回, 提供限时优惠"
AH-10210,131,7,2634.388,1,潜力增长用户,"发放优惠券, 推荐相关产品, 激励其提高消费频率"
AH-10465,311,5,1843.8816,0,需要唤醒的客户,"通过邮件/短信进行召回, 提供限时优惠"
AH-10585,91,2,255.22400000000002,0,需要唤醒的客户,"通过邮件/短信进行召回, 提供限时优惠"
AH-10690,552,15,2124.31,1,潜力增长用户,"发放优惠券, 推荐相关产品, 激励其提高消费频率"
AI-10855,30,12,1745.598,1,潜力增长用户,"发放优惠券, 推荐相关产品, 激励其提高消费频率"
AJ-10780,1168,2,54.83,3,低价值或流失客户,"维持基本服务, 减少营销投入"
AJ-10795,368,7,1414.964,1,潜力增长用户,"发放优惠券, 推荐相关产品, 激励其提高消费频率"
AJ-10945,1071,5,793.926,3,低价值或流失客户,"维持基本服务, 减少营销投入"
AM-10360,303,6,194.25,0,需要唤醒的客户,"通过邮件/短信进行召回, 提供限时优惠"
AM-10705,252,1,383.84,0,需要唤醒的客户,"通过邮件/短信进行召回, 提供限时优惠"
AP-10720,490,5,349.77,0,需要唤醒的客户,"通过邮件/短信进行召回, 提供限时优惠"
AP-10915,278,13,1494.008,1,潜力增长用户,"发放优惠券, 推荐相关产品, 激励其提高消费频率"
AR-10345,64,3,279.966,0,需要唤醒的客户,"通过邮件/短信进行召回, 提供限时优惠"
AR-10405,1373,2,265.784,3,低价值或流失客户,"维持基本服务, 减少营销投入"
AR-10510,1406,1,26.136,3,低价值或流失客户,"维持基本服务, 减少营销投入"
AR-10540,768,2,692.728,3,低价值或流失客户,"维持基本服务, 减少营销投入"
AR-10825,304,6,1385.01,0,需要唤醒的客户,"通过邮件/短信进行召回, 提供限时优惠"
AS-10045,247,7,2475.846,1,潜力增长用户,"发放优惠券, 推荐相关产品, 激励其提高消费频率"
AS-10090,303,12,1286.966,1,潜力增长用户,"发放优惠券, 推荐相关产品, 激励其提高消费频率"
AS-10225,122,3,261.88,0,需要唤醒的客户,"通过邮件/短信进行召回, 提供限时优惠"
AS-10240,1128,1,7.64,3,低价值或流失客户,"维持基本服务, 减少营销投入"
AS-10285,30,4,3029.12,0,需要唤醒的客户,"通过邮件/短信进行召回, 提供限时优惠"
AS-10630,1008,4,410.976,3,低价值或流失客户,"维持基本服务, 减少营销投入"
AT-10435,91,5,1111.052,0,需要唤醒的客户,"通过邮件/短信进行召回, 提供限时优惠"
AT-10735,158,5,304.628,0,需要唤醒的客户,"通过邮件/短信进行召回, 提供限时优惠"
AW-10840,61,5,606.232,0,需要唤醒的客户,"通过邮件/短信进行召回, 提供限时优惠"
AW-10930,371,8,551.544,1,潜力增长用户,"发放优惠券, 推荐相关产品, 激励其提高消费频率"
AY-10555,1287,4,199.99,3,低价值或流失客户,"维持基本服务, 减少营销投入"
AZ-10750,589,5,955.5959999999999,0,需要唤醒的客户,"通过邮件/短信进行召回, 提供限时优惠"
BB-10990,340,5,453.26,0,需要唤醒的客户,"通过邮件/短信进行召回, 提供限时优惠"
BB-11545,4,10,4708.908,2,高价值核心用户,"提供VIP服务, 新品优先体验, 定制化关怀"
BC-11125,36,10,1496.618,1,潜力增长用户,"发放优惠券, 推荐相关产品, 激励其提高消费频率"
BD-11320,8,6,250.32600000000002,0,需要唤醒的客户,"通过邮件/短信进行召回, 提供限时优惠"
BD-11500,1440,1,468.9,3,低价值或流失客户,"维持基本服务, 减少营销投入"
BD-11605,373,8,656.63,1,潜力增长用户,"发放优惠券, 推荐相关产品, 激励其提高消费频率"
BD-11620,496,3,309.408,0,需要唤醒的客户,"通过邮件/短信进行召回, 提供限时优惠"
BD-11635,944,4,511.646,3,低价值或流失客户,"维持基本服务, 减少营销投入"
BD-11725,279,4,541.62,0,需要唤醒的客户,"通过邮件/短信进行召回, 提供限时优惠"
BD-11770,193,9,653.698,1,潜力增长用户,"发放优惠券, 推荐相关产品, 激励其提高消费频率"
BE-11335,306,3,3480.96,0,需要唤醒的客户,"通过邮件/短信进行召回, 提供限时优惠"
BE-11410,528,1,30.352,0,需要唤醒的客户,"通过邮件/短信进行召回, 提供限时优惠"
BE-11455,555,9,722.126,1,潜力增长用户,"发放优惠券, 推荐相关产品, 激励其提高消费频率"
BF-10975,918,7,226.174,3,低价值或流失客户,"维持基本服务, 减少营销投入"
BF-11005,586,2,252.148,0,需要唤醒的客户,"通过邮件/短信进行召回, 提供限时优惠"
BF-11020,125,17,1755.834,1,潜力增长用户,"发放优惠券, 推荐相关产品, 激励其提高消费频率"
BF-11080,3,5,258.28,0,需要唤醒的客户,"通过邮件/短信进行召回, 提供限时优惠"
BF-11170,192,4,530.642,0,需要唤醒的客户,"通过邮件/短信进行召回, 提供限时优惠"
BF-11215,462,2,749.46,0,需要唤醒的客户,"通过邮件/短信进行召回, 提供限时优惠"
BF-11275,66,2,403.28599999999994,0,需要唤醒的客户,"通过邮件/短信进行召回, 提供限时优惠"
BG-11035,303,4,230.44400000000002,0,需要唤醒的客户,"通过邮件/短信进行召回, 提供限时优惠"
BG-11695,955,4,126.078,3,低价值或流失客户,"维持基本服务, 减少营销投入"
BG-11740,276,2,497.152,0,需要唤醒的客户,"通过邮件/短信进行召回, 提供限时优惠"
BH-11710,153,17,6011.232,2,高价值核心用户,"提供VIP服务, 新品优先体验, 定制化关怀"
BK-11260,396,10,485.13,1,潜力增长用户,"发放优惠券, 推荐相关产品, 激励其提高消费频率"
BM-11140,609,15,11432.84,2,高价值核心用户,"提供VIP服务, 新品优先体验, 定制化关怀"
BM-11575,679,2,405.91999999999996,3,低价值或流失客户,"维持基本服务, 减少营销投入"
BM-11650,92,10,3774.973,1,潜力增长用户,"发放优惠券, 推荐相关产品, 激励其提高消费频率"
BM-11785,1007,6,628.848,3,低价值或流失客户,"维持基本服务, 减少营销投入"
BN-11470,183,4,203.10399999999998,0,需要唤醒的客户,"通过邮件/短信进行召回, 提供限时优惠"
BN-11515,337,1,114.9,0,需要唤醒的客户,"通过邮件/短信进行召回, 提供限时优惠"
BO-11350,282,10,2590.76,1,潜力增长用户,"发放优惠券, 推荐相关产品, 激励其提高消费频率"
BO-11425,794,1,6.08,3,低价值或流失客户,"维持基本服务, 减少营销投入"
BP-11050,124,2,65.0,0,需要唤醒的客户,"通过邮件/短信进行召回, 提供限时优惠"
BP-11095,1189,4,137.32999999999998,3,低价值或流失客户,"维持基本服务, 减少营销投入"
BP-11155,66,4,1177.91,0,需要唤醒的客户,"通过邮件/短信进行召回, 提供限时优惠"
BP-11185,61,11,1090.376,1,潜力增长用户,"发放优惠券, 推荐相关产品, 激励其提高消费频率"
BP-11290,102,4,1184.266,0,需要唤醒的客户,"通过邮件/短信进行召回, 提供限时优惠"
BS-11365,1347,2,69.86,3,低价值或流失客户,"维持基本服务, 减少营销投入"
BS-11380,9,9,2748.916,1,潜力增长用户,"发放优惠券, 推荐相关产品, 激励其提高消费频率"
BS-11590,916,4,1627.3619999999999,3,低价值或流失客户,"维持基本服务, 减少营销投入"
BS-11755,69,5,573.792,0,需要唤醒的客户,"通过邮件/短信进行召回, 提供限时优惠"
BS-11800,99,6,760.8,0,需要唤醒的客户,"通过邮件/短信进行召回, 提供限时优惠"
BT-11305,916,3,211.816,3,低价值或流失客户,"维持基本服务, 减少营销投入"
BT-11395,284,1,399.672,0,需要唤醒的客户,"通过邮件/短信进行召回, 提供限时优惠"
BT-11440,1346,4,440.04799999999994,3,低价值或流失客户,"维持基本服务, 减少营销投入"
BT-11485,404,1,30.336,0,需要唤醒的客户,"通过邮件/短信进行召回, 提供限时优惠"
BT-11680,61,15,2048.326,1,潜力增长用户,"发放优惠券, 推荐相关产品, 激励其提高消费频率"
BW-11065,340,2,370.896,0,需要唤醒的客户,"通过邮件/短信进行召回, 提供限时优惠"
BW-11110,164,3,3174.514,0,需要唤醒的客户,"通过邮件/短信进行召回, 提供限时优惠"
BW-11200,67,4,920.3520000000001,0,需要唤醒的客户,"通过邮件/短信进行召回, 提供限时优惠"
CA-11965,952,1,892.224,3,低价值或流失客户,"维持基本服务, 减少营销投入"
CA-12055,491,6,1106.044,0,需要唤醒的客户,"通过邮件/短信进行召回, 提供限时优惠"
CA-12265,245,7,902.076,1,潜力增长用户,"发放优惠券, 推荐相关产品, 激励其提高消费频率"
CA-12310,91,5,471.424,0,需要唤醒的客户,"通过邮件/短信进行召回, 提供限时优惠"
CA-12775,7,9,982.562,1,潜力增长用户,"发放优惠券, 推荐相关产品, 激励其提高消费频率"
CB-12025,33,8,807.6600000000001,1,潜力增长用户,"发放优惠券, 推荐相关产品, 激励其提高消费频率"
CB-12415,244,8,297.45799999999997,1,潜力增长用户,"发放优惠券, 推荐相关产品, 激励其提高消费频率"
CB-12535,223,11,1107.342,1,潜力增长用户,"发放优惠券, 推荐相关产品, 激励其提高消费频率"
CC-12100,523,4,85.209,0,需要唤醒的客户,"通过邮件/短信进行召回, 提供限时优惠"
CC-12145,491,3,109.596,0,需要唤醒的客户,"通过邮件/短信进行召回, 提供限时优惠"
CC-12220,61,12,2285.072,1,潜力增长用户,"发放优惠券, 推荐相关产品, 激励其提高消费频率"
CC-12370,184,4,3138.116,0,需要唤醒的客户,"通过邮件/短信进行召回, 提供限时优惠"
CC-12430,184,8,820.1800000000001,1,潜力增长用户,"发放优惠券, 推荐相关产品, 激励其提高消费频率"
CC-12475,33,9,1390.4140000000002,1,潜力增长用户,"发放优惠券, 推荐相关产品, 激励其提高消费频率"
CC-12550,275,3,65.856,0,需要唤醒的客户,"通过邮件/短信进行召回, 提供限时优惠"
CC-12610,428,4,368.394,0,需要唤醒的客户,"通过邮件/短信进行召回, 提供限时优惠"
CC-12670,334,5,416.27000000000004,0,需要唤醒的客户,"通过邮件/短信进行召回, 提供限时优惠"
CC-12685,832,4,364.07,3,低价值或流失客户,"维持基本服务, 减少营销投入"
CD-11980,184,1,318.96,0,需要唤醒的客户,"通过邮件/短信进行召回, 提供限时优惠"
CD-12280,215,8,796.036,1,潜力增长用户,"发放优惠券, 推荐相关产品, 激励其提高消费频率"
CD-12790,1409,1,12.35,3,低价值或流失客户,"维持基本服务, 减少营销投入"
CG-12040,31,3,97.56,0,需要唤醒的客户,"通过邮件/短信进行召回, 提供限时优惠"
CG-12520,488,2,993.9000000000001,0,需要唤醒的客户,"通过邮件/短信进行召回, 提供限时优惠"
CH-12070,497,1,1127.976,0,需要唤醒的客户,"通过邮件/短信进行召回, 提供限时优惠"
CJ-12010,341,12,9166.278,2,高价值核心用户,"提供VIP服务, 新品优先体验, 定制化关怀"
CK-12205,7,9,487.856,1,潜力增长用户,"发放优惠券, 推荐相关产品, 激励其提高消费频率"
CK-12325,337,6,356.548,0,需要唤醒的客户,"通过邮件/短信进行召回, 提供限时优惠"
CK-12595,374,15,1409.644,1,潜力增长用户,"发放优惠券, 推荐相关产品, 激励其提高消费频率"
CK-12760,93,6,932.825,0,需要唤醒的客户,"通过邮件/短信进行召回, 提供限时优惠"
CL-11890,67,2,56.77199999999999,0,需要唤醒的客户,"通过邮件/短信进行召回, 提供限时优惠"
CL-12565,494,13,3232.852,1,潜力增长用户,"发放优惠券, 推荐相关产品, 激励其提高消费频率"
CM-11815,70,1,111.96,0,需要唤醒的客户,"通过邮件/短信进行召回, 提供限时优惠"
CM-12115,305,2,386.62,0,需要唤醒的客户,"通过邮件/短信进行召回, 提供限时优惠"
CM-12160,244,1,5.346,0,需要唤醒的客户,"通过邮件/短信进行召回, 提供限时优惠"
CM-12190,279,2,194.72400000000002,0,需要唤醒的客户,"通过邮件/短信进行召回, 提供限时优惠"
CM-12235,369,6,2238.964,1,潜力增长用户,"发放优惠券, 推荐相关产品, 激励其提高消费频率"
CM-12385,286,2,2031.3919999999998,0,需要唤醒的客户,"通过邮件/短信进行召回, 提供限时优惠"
CM-12445,1193,2,30.46,3,低价值或流失客户,"维持基本服务, 减少营销投入"
CM-12655,275,6,3595.608,1,潜力增长用户,"发放优惠券, 推荐相关产品, 激励其提高消费频率"
CM-12715,1074,10,3915.9224,1,潜力增长用户,"发放优惠券, 推荐相关产品, 激励其提高消费频率"
CP-12085,93,3,414.02,0,需要唤醒的客户,"通过邮件/短信进行召回, 提供限时优惠"
CP-12340,884,2,1361.6309999999999,3,低价值或流失客户,"维持基本服务, 减少营销投入"
CR-12580,276,2,1872.934,0,需要唤醒的客户,"通过邮件/短信进行召回, 提供限时优惠"
CR-12625,1436,2,334.68,3,低价值或流失客户,"维持基本服务, 减少营销投入"
CR-12730,371,1,23.12,0,需要唤醒的客户,"通过邮件/短信进行召回, 提供限时优惠"
CR-12820,185,3,681.9100000000001,0,需要唤醒的客户,"通过邮件/短信进行召回, 提供限时优惠"
CS-11845,40,3,1061.068,0,需要唤醒的客户,"通过邮件/短信进行召回, 提供限时优惠"
CS-11860,5,3,509.14399999999995,0,需要唤醒的客户,"通过邮件/短信进行召回, 提供限时优惠"
CS-11950,160,6,1165.56,0,需要唤醒的客户,"通过邮件/短信进行召回, 提供限时优惠"
CS-12130,1314,3,472.044,3,低价值或流失客户,"维持基本服务, 减少营销投入"
CS-12175,7,6,755.3480000000001,0,需要唤醒的客户,"通过邮件/短信进行召回, 提供限时优惠"
CS-12250,124,9,575.4,1,潜力增长用户,"发放优惠券, 推荐相关产品, 激励其提高消费频率"
CS-12355,1,8,984.062,1,潜力增长用户,"发放优惠券, 推荐相关产品, 激励其提高消费频率"
CS-12400,161,9,2782.0785,1,潜力增长用户,"发放优惠券, 推荐相关产品, 激励其提高消费频率"
CS-12460,275,6,550.644,0,需要唤醒的客户,"通过邮件/短信进行召回, 提供限时优惠"
CS-12490,369,6,956.2805000000001,0,需要唤醒的客户,"通过邮件/短信进行召回, 提供限时优惠"
CS-12505,304,3,206.62,0,需要唤醒的客户,"通过邮件/短信进行召回, 提供限时优惠"
CT-11995,250,5,1099.99,0,需要唤醒的客户,"通过邮件/短信进行召回, 提供限时优惠"
CV-12295,612,4,387.236,3,低价值或流失客户,"维持基本服务, 减少营销投入"
CV-12805,247,8,1101.3799999999999,1,潜力增长用户,"发放优惠券, 推荐相关产品, 激励其提高消费频率"
CW-11905,122,7,785.852,1,潜力增长用户,"发放优惠券, 推荐相关产品, 激励其提高消费频率"
CY-12745,643,2,297.672,3,低价值或流失客户,"维持基本服务, 减少营销投入"
Co-12640,1038,2,564.768,3,低价值或流失客户,"维持基本服务, 减少营销投入"
DA-13450,11,3,87.4,0,需要唤醒的客户,"通过邮件/短信进行召回, 提供限时优惠"
DB-12910,33,9,1428.301,1,潜力增长用户,"发放优惠券, 推荐相关产品, 激励其提高消费频率"
DB-12970,282,7,1036.0812,1,潜力增长用户,"发放优惠券, 推荐相关产品, 激励其提高消费频率"
DB-13060,554,2,1171.868,0,需要唤醒的客户,"通过邮件/短信进行召回, 提供限时优惠"
DB-13120,1,9,1236.922,1,潜力增长用户,"发放优惠券, 推荐相关产品, 激励其提高消费频率"
DB-13210,91,10,1420.7489999999998,1,潜力增长用户,"发放优惠券, 推荐相关产品, 激励其提高消费频率"
DB-13270,154,9,4161.652,1,潜力增长用户,"发放优惠券, 推荐相关产品, 激励其提高消费频率"
DB-13360,69,2,386.14,0,需要唤醒的客户,"通过邮件/短信进行召回, 提供限时优惠"
DB-13405,856,3,601.44,3,低价值或流失客户,"维持基本服务, 减少营销投入"
DB-13555,125,10,2060.0108,1,潜力增长用户,"发放优惠券, 推荐相关产品, 激励其提高消费频率"
DB-13615,190,7,1837.67,1,潜力增长用户,"发放优惠券, 推荐相关产品, 激励其提高消费频率"
DB-13660,853,1,10.476,3,低价值或流失客户,"维持基本服务, 减少营销投入"
DC-12850,250,3,514.68,0,需要唤醒的客户,"通过邮件/短信进行召回, 提供限时优惠"
DC-13285,153,3,431.906,0,需要唤醒的客户,"通过邮件/短信进行召回, 提供限时优惠"
DD-13570,310,3,109.62,0,需要唤醒的客户,"通过邮件/短信进行召回, 提供限时优惠"
DE-13255,406,4,114.49199999999999,0,需要唤醒的客户,"通过邮件/短信进行召回, 提供限时优惠"
DF-13135,1342,2,110.098,3,低价值或流失客户,"维持基本服务, 减少营销投入"
DG-13300,1010,4,534.192,3,低价值或流失客户,"维持基本服务, 减少营销投入"
DH-13075,1074,2,200.73600000000002,3,低价值或流失客户,"维持基本服务, 减少营销投入"
DH-13675,1100,6,457.74399999999997,3,低价值或流失客户,"维持基本服务, 减少营销投入"
DJ-13420,676,5,2012.52,3,低价值或流失客户,"维持基本服务, 减少营销投入"
DJ-13510,1,6,318.24199999999996,0,需要唤醒的客户,"通过邮件/短信进行召回, 提供限时优惠"
DK-12835,91,10,1456.71,1,潜力增长用户,"发放优惠券, 推荐相关产品, 激励其提高消费频率"
DK-12895,4,11,3589.0480000000002,1,潜力增长用户,"发放优惠券, 推荐相关产品, 激励其提高消费频率"
DK-12985,221,4,737.52,0,需要唤醒的客户,"通过邮件/短信进行召回, 提供限时优惠"
DK-13090,276,7,1953.962,1,潜力增长用户,"发放优惠券, 推荐相关产品, 激励其提高消费频率"
DK-13150,1310,2,433.56,3,低价值或流失客户,"维持基本服务, 减少营销投入"
DK-13225,374,10,2895.678,1,潜力增长用户,"发放优惠券, 推荐相关产品, 激励其提高消费频率"
DK-13375,1,8,1226.696,1,潜力增长用户,"发放优惠券, 推荐相关产品, 激励其提高消费频率"
DL-12865,675,1,187.056,3,低价值或流失客户,"维持基本服务, 减少营销投入"
DL-12925,276,13,3067.6000000000004,1,潜力增长用户,"发放优惠券, 推荐相关产品, 激励其提高消费频率"
DL-13315,122,11,1055.2160000000001,1,潜力增长用户,"发放优惠券, 推荐相关产品, 激励其提高消费频率"
DL-13330,276,1,41.37,0,需要唤醒的客户,"通过邮件/短信进行召回, 提供限时优惠"
DL-13495,520,1,837.6,0,需要唤醒的客户,"通过邮件/短信进行召回, 提供限时优惠"
DM-12955,156,3,195.10399999999998,0,需要唤醒的客户,"通过邮件/短信进行召回, 提供限时优惠"
DM-13015,276,8,566.875,1,潜力增长用户,"发放优惠券, 推荐相关产品, 激励其提高消费频率"
DM-13345,122,9,3124.442,1,潜力增长用户,"发放优惠券, 推荐相关产品, 激励其提高消费频率"
DM-13525,582,10,1376.792,1,潜力增长用户,"发放优惠券, 推荐相关产品, 激励其提高消费频率"
DN-13690,1098,3,160.21,3,低价值或流失客户,"维持基本服务, 减少营销投入"
DO-13435,309,5,282.216,0,需要唤醒的客户,"通过邮件/短信进行召回, 提供限时优惠"
DO-13645,244,6,682.342,0,需要唤醒的客户,"通过邮件/短信进行召回, 提供限时优惠"
DP-13000,253,2,106.01599999999999,0,需要唤醒的客户,"通过邮件/短信进行召回, 提供限时优惠"
DP-13105,548,3,1671.08,0,需要唤醒的客户,"通过邮件/短信进行召回, 提供限时优惠"
DP-13165,793,4,1058.616,3,低价值或流失客户,"维持基本服务, 减少营销投入"
DP-13390,194,8,401.694,1,潜力增长用户,"发放优惠券, 推荐相关产品, 激励其提高消费频率"
DR-12940,34,9,7426.900000000001,2,高价值核心用户,"提供VIP服务, 新品优先体验, 定制化关怀"
DS-13030,252,7,572.707,0,需要唤醒的客户,"通过邮件/短信进行召回, 提供限时优惠"
DS-13180,153,6,800.1100000000001,0,需要唤醒的客户,"通过邮件/短信进行召回, 提供限时优惠"
DV-13045,30,6,1076.983,0,需要唤醒的客户,"通过邮件/短信进行召回, 提供限时优惠"
DV-13465,36,11,2590.737,1,潜力增长用户,"发放优惠券, 推荐相关产品, 激励其提高消费频率"
DW-13195,1315,1,4.368,3,低价值或流失客户,"维持基本服务, 减少营销投入"
DW-13480,366,8,4658.538,1,潜力增长用户,"发放优惠券, 推荐相关产品, 激励其提高消费频率"
DW-13540,192,3,156.45600000000002,0,需要唤醒的客户,"通过邮件/短信进行召回, 提供限时优惠"
DW-13585,310,5,469.63,0,需要唤醒的客户,"通过邮件/短信进行召回, 提供限时优惠"
Dl-13600,128,4,695.362,0,需要唤醒的客户,"通过邮件/短信进行召回, 提供限时优惠"
Dp-13240,155,17,6221.049,2,高价值核心用户,"提供VIP服务, 新品优先体验, 定制化关怀"
EA-14035,371,10,1473.199,1,潜力增长用户,"发放优惠券, 推荐相关产品, 激励其提高消费频率"
EB-13705,1,6,835.16,0,需要唤醒的客户,"通过邮件/短信进行召回, 提供限时优惠"
EB-13750,62,12,2438.892,1,潜力增长用户,"发放优惠券, 推荐相关产品, 激励其提高消费频率"
EB-13840,336,5,856.4,0,需要唤醒的客户,"通过邮件/短信进行召回, 提供限时优惠"
EB-13870,70,6,1160.559,0,需要唤醒的客户,"通过邮件/短信进行召回, 提供限时优惠"
EB-13930,1409,2,199.296,3,低价值或流失客户,"维持基本服务, 减少营销投入"
EB-13975,428,4,1608.6309999999999,0,需要唤醒的客户,"通过邮件/短信进行召回, 提供限时优惠"
EB-14110,125,4,646.9,0,需要唤醒的客户,"通过邮件/短信进行召回, 提供限时优惠"
EB-14170,93,3,27.696,0,需要唤醒的客户,"通过邮件/短信进行召回, 提供限时优惠"
EC-14050,154,3,337.22999999999996,0,需要唤醒的客户,"通过邮件/短信进行召回, 提供限时优惠"
ED-13885,1035,2,2642.202,3,低价值或流失客户,"维持基本服务, 减少营销投入"
EG-13900,122,7,1578.592,1,潜力增长用户,"发放优惠券, 推荐相关产品, 激励其提高消费频率"
EH-13765,674,6,795.8,3,低价值或流失客户,"维持基本服务, 减少营销投入"
EH-13945,796,3,82.926,3,低价值或流失客户,"维持基本服务, 减少营销投入"
EH-14005,250,5,450.13800000000003,0,需要唤醒的客户,"通过邮件/短信进行召回, 提供限时优惠"
EH-14125,495,4,286.686,0,需要唤醒的客户,"通过邮件/短信进行召回, 提供限时优惠"
EH-14185,617,1,588.784,3,低价值或流失客户,"维持基本服务, 减少营销投入"
EJ-13720,284,2,1219.7920000000001,0,需要唤醒的客户,"通过邮件/短信进行召回, 提供限时优惠"
EJ-14155,247,7,2608.001,1,潜力增长用户,"发放优惠券, 推荐相关产品, 激励其提高消费频率"
EM-13810,618,2,167.5,3,低价值或流失客户,"维持基本服务, 减少营销投入"
EM-13825,215,5,694.722,0,需要唤醒的客户,"通过邮件/短信进行召回, 提供限时优惠"
EM-13960,338,5,879.3199999999999,0,需要唤醒的客户,"通过邮件/短信进行召回, 提供限时优惠"
EM-14065,250,1,30.336,0,需要唤醒的客户,"通过邮件/短信进行召回, 提供限时优惠"
EM-14095,125,7,675.546,0,需要唤醒的客户,"通过邮件/短信进行召回, 提供限时优惠"
EM-14140,1,11,3279.57,1,潜力增长用户,"发放优惠券, 推荐相关产品, 激励其提高消费频率"
EN-13780,615,4,1562.694,3,低价值或流失客户,"维持基本服务, 减少营销投入"
EP-13915,1,15,3828.2788,1,潜力增长用户,"发放优惠券, 推荐相关产品, 激励其提高消费频率"
ER-13855,551,4,1184.8039999999999,0,需要唤醒的客户,"通过邮件/短信进行召回, 提供限时优惠"
ES-14020,401,1,239.97,0,需要唤醒的客户,"通过邮件/短信进行召回, 提供限时优惠"
ES-14080,303,10,807.0,1,潜力增长用户,"发放优惠券, 推荐相关产品, 激励其提高消费频率"
FA-14230,794,7,433.924,3,低价值或流失客户,"维持基本服务, 减少营销投入"
FC-14245,125,7,805.0699999999999,1,潜力增长用户,"发放优惠券, 推荐相关产品, 激励其提高消费频率"
FC-14335,224,4,2271.158,0,需要唤醒的客户,"通过邮件/短信进行召回, 提供限时优惠"
FG-14260,66,3,392.188,0,需要唤醒的客户,"通过邮件/短信进行召回, 提供限时优惠"
FH-14275,62,14,3422.248,1,潜力增长用户,"发放优惠券, 推荐相关产品, 激励其提高消费频率"
FH-14350,340,3,189.918,0,需要唤醒的客户,"通过邮件/短信进行召回, 提供限时优惠"
FH-14365,188,4,1490.8619999999999,0,需要唤醒的客户,"通过邮件/短信进行召回, 提供限时优惠"
FM-14215,372,9,1073.2379999999998,1,潜力增长用户,"发放优惠券, 推荐相关产品, 激励其提高消费频率"
FM-14290,184,14,560.6,1,潜力增长用户,"发放优惠券, 推荐相关产品, 激励其提高消费频率"
FM-14380,157,9,1836.8020000000001,1,潜力增长用户,"发放优惠券, 推荐相关产品, 激励其提高消费频率"
FO-14305,128,6,1721.6879999999999,1,潜力增长用户,"发放优惠券, 推荐相关产品, 激励其提高消费频率"
FP-14320,153,8,2886.468,1,潜力增长用户,"发放优惠券, 推荐相关产品, 激励其提高消费频率"
FW-14395,314,2,60.19,0,需要唤醒的客户,"通过邮件/短信进行召回, 提供限时优惠"
GA-14515,279,1,99.87,0,需要唤醒的客户,"通过邮件/短信进行召回, 提供限时优惠"
GA-14725,9,12,784.386,1,潜力增长用户,"发放优惠券, 推荐相关产品, 激励其提高消费频率"
GB-14530,342,9,837.054,1,潜力增长用户,"发放优惠券, 推荐相关产品, 激励其提高消费频率"
GB-14575,496,5,260.048,0,需要唤醒的客户,"通过邮件/短信进行召回, 提供限时优惠"
GD-14590,281,5,1884.214,0,需要唤醒的客户,"通过邮件/短信进行召回, 提供限时优惠"
GG-14650,216,9,984.682,1,潜力增长用户,"发放优惠券, 推荐相关产品, 激励其提高消费频率"
GH-14410,189,10,300.526,1,潜力增长用户,"发放优惠券, 推荐相关产品, 激励其提高消费频率"
GH-14425,62,7,882.33,1,潜力增长用户,"发放优惠券, 推荐相关产品, 激励其提高消费频率"
GH-14485,487,3,1361.2440000000001,0,需要唤醒的客户,"通过邮件/短信进行召回, 提供限时优惠"
GK-14620,94,1,9.856,0,需要唤醒的客户,"通过邮件/短信进行召回, 提供限时优惠"
GM-14440,124,2,918.444,0,需要唤醒的客户,"通过邮件/短信进行召回, 提供限时优惠"
GM-14455,187,5,1994.19,0,需要唤醒的客户,"通过邮件/短信进行召回, 提供限时优惠"
GM-14500,433,3,54.652,0,需要唤醒的客户,"通过邮件/短信进行召回, 提供限时优惠"
GM-14680,462,9,2354.132,1,潜力增长用户,"发放优惠券, 推荐相关产品, 激励其提高消费频率"
GM-14695,247,6,5574.272,2,高价值核心用户,"提供VIP服务, 新品优先体验, 定制化关怀"
GP-14740,1287,1,44.91,3,低价值或流失客户,"维持基本服务, 减少营销投入"
GT-14635,245,6,9351.212,2,高价值核心用户,"提供VIP服务, 新品优先体验, 定制化关怀"
GT-14710,548,7,1169.454,1,潜力增长用户,"发放优惠券, 推荐相关产品, 激励其提高消费频率"
GT-14755,645,2,16.92,3,低价值或流失客户,"维持基本服务, 减少营销投入"
GW-14605,303,3,1145.037,0,需要唤醒的客户,"通过邮件/短信进行召回, 提供限时优惠"
GZ-14470,190,4,617.79,0,需要唤醒的客户,"通过邮件/短信进行召回, 提供限时优惠"
GZ-14545,67,1,14.7,0,需要唤醒的客户,"通过邮件/短信进行召回, 提供限时优惠"
HA-14905,64,5,835.482,0,需要唤醒的客户,"通过邮件/短信进行召回, 提供限时优惠"
HA-14920,33,9,1827.8259999999998,1,潜力增长用户,"发放优惠券, 推荐相关产品, 激励其提高消费频率"
HD-14785,889,5,174.3,3,低价值或流失客户,"维持基本服务, 减少营销投入"
HE-14800,127,5,469.65999999999997,0,需要唤醒的客户,"通过邮件/短信进行召回, 提供限时优惠"
HF-14995,91,10,1408.801,1,潜力增长用户,"发放优惠券, 推荐相关产品, 激励其提高消费频率"
HG-14845,93,5,382.54799999999994,0,需要唤醒的客户,"通过邮件/短信进行召回, 提供限时优惠"
HG-14965,153,4,2170.758,0,需要唤醒的客户,"通过邮件/短信进行召回, 提供限时优惠"
HG-15025,6,3,171.784,0,需要唤醒的客户,"通过邮件/短信进行召回, 提供限时优惠"
HK-14890,281,3,581.614,0,需要唤醒的客户,"通过邮件/短信进行召回, 提供限时优惠"
HL-15040,277,3,73.018,0,需要唤醒的客户,"通过邮件/短信进行召回, 提供限时优惠"
HM-14860,248,8,1080.242,1,潜力增长用户,"发放优惠券, 推荐相关产品, 激励其提高消费频率"
HM-14980,38,5,592.0799999999999,0,需要唤醒的客户,"通过邮件/短信进行召回, 提供限时优惠"
HP-14815,1005,2,325.39599999999996,3,低价值或流失客户,"维持基本服务, 减少营销投入"
HR-14770,161,4,928.78,0,需要唤醒的客户,"通过邮件/短信进行召回, 提供限时优惠"
HW-14935,247,3,849.846,0,需要唤醒的客户,"通过邮件/短信进行召回, 提供限时优惠"
IG-15085,829,1,370.14,3,低价值或流失客户,"维持基本服务, 减少营销投入"
IL-15100,65,13,4925.599999999999,2,高价值核心用户,"提供VIP服务, 新品优先体验, 定制化关怀"
IM-15070,549,12,2322.8140000000003,1,潜力增长用户,"发放优惠券, 推荐相关产品, 激励其提高消费频率"
JA-15970,156,10,1298.62,1,潜力增长用户,"发放优惠券, 推荐相关产品, 激励其提高消费频率"
JB-15400,92,6,756.188,0,需要唤醒的客户,"通过邮件/短信进行召回, 提供限时优惠"
JB-15925,730,2,272.628,3,低价值或流失客户,"维持基本服务, 减少营销投入"
JB-16000,94,4,85.386,0,需要唤醒的客户,"通过邮件/短信进行召回, 提供限时优惠"
JB-16045,487,5,1178.685,0,需要唤醒的客户,"通过邮件/短信进行召回, 提供限时优惠"
JC-15340,156,2,57.495,0,需要唤醒的客户,"通过邮件/短信进行召回, 提供限时优惠"
JC-15385,127,4,1058.108,0,需要唤醒的客户,"通过邮件/短信进行召回, 提供限时优惠"
JC-15775,342,1,42.93,0,需要唤醒的客户,"通过邮件/短信进行召回, 提供限时优惠"
JC-16105,276,2,213.37400000000002,0,需要唤醒的客户,"通过邮件/短信进行召回, 提供限时优惠"
JD-15790,247,6,1924.392,1,潜力增长用户,"发放优惠券, 推荐相关产品, 激励其提高消费频率"
JD-15895,461,7,2931.616,1,潜力增长用户,"发放优惠券, 推荐相关产品, 激励其提高消费频率"
JD-16015,35,6,274.59,0,需要唤醒的客户,"通过邮件/短信进行召回, 提供限时优惠"
JD-16060,223,4,375.71,0,需要唤醒的客户,"通过邮件/短信进行召回, 提供限时优惠"
JE-15610,1,10,3703.152,1,潜力增长用户,"发放优惠券, 推荐相关产品, 激励其提高消费频率"
JE-15715,492,10,2579.313,1,潜力增长用户,"发放优惠券, 推荐相关产品, 激励其提高消费频率"
JE-15745,92,4,461.55,0,需要唤醒的客户,"通过邮件/短信进行召回, 提供限时优惠"
JE-16165,61,5,2672.57,1,潜力增长用户,"发放优惠券, 推荐相关产品, 激励其提高消费频率"
JF-15190,96,12,1710.738,1,潜力增长用户,"发放优惠券, 推荐相关产品, 激励其提高消费频率"
JF-15295,373,3,250.416,0,需要唤醒的客户,"通过邮件/短信进行召回, 提供限时优惠"
JF-15355,254,4,118.17,0,需要唤醒的客户,"通过邮件/短信进行召回, 提供限时优惠"
JF-15415,33,7,2083.988,1,潜力增长用户,"发放优惠券, 推荐相关产品, 激励其提高消费频率"
JF-15490,883,5,569.196,3,低价值或流失客户,"维持基本服务, 减少营销投入"
JF-15565,184,12,3470.786,1,潜力增长用户,"发放优惠券, 推荐相关产品, 激励其提高消费频率"
JG-15115,1005,5,312.322,3,低价值或流失客户,"维持基本服务, 减少营销投入"
JG-15160,579,5,1426.024,0,需要唤醒的客户,"通过邮件/短信进行召回, 提供限时优惠"
JG-15310,649,2,606.2139999999999,3,低价值或流失客户,"维持基本服务, 减少营销投入"
JG-15805,1251,3,209.168,3,低价值或流失客户,"维持基本服务, 减少营销投入"
JH-15820,96,2,236.42,0,需要唤醒的客户,"通过邮件/短信进行召回, 提供限时优惠"
JH-15910,7,3,90.738,0,需要唤醒的客户,"通过邮件/短信进行召回, 提供限时优惠"
JH-15985,334,10,2602.212,1,潜力增长用户,"发放优惠券, 推荐相关产品, 激励其提高消费频率"
JH-16180,587,3,1215.53,0,需要唤醒的客户,"通过邮件/短信进行召回, 提供限时优惠"
JJ-15445,643,2,61.604,3,低价值或流失客户,"维持基本服务, 减少营销投入"
JJ-15760,852,3,195.0,3,低价值或流失客户,"维持基本服务, 减少营销投入"
JK-15205,701,2,36.364,3,低价值或流失客户,"维持基本服务, 减少营销投入"
JK-15370,157,7,1280.8319999999999,1,潜力增长用户,"发放优惠券, 推荐相关产品, 激励其提高消费频率"
JK-15625,887,3,756.3999999999999,3,低价值或流失客户,"维持基本服务, 减少营销投入"
JK-15640,280,5,4261.5,1,潜力增长用户,"发放优惠券, 推荐相关产品, 激励其提高消费频率"
JK-15730,155,6,1858.03,1,潜力增长用户,"发放优惠券, 推荐相关产品, 激励其提高消费频率"
JK-16090,303,5,2854.578,1,潜力增长用户,"发放优惠券, 推荐相关产品, 激励其提高消费频率"
JK-16120,37,12,1169.3839999999998,1,潜力增长用户,"发放优惠券, 推荐相关产品, 激励其提高消费频率"
JL-15130,38,4,78.64,0,需要唤醒的客户,"通过邮件/短信进行召回, 提供限时优惠"
JL-15175,245,3,153.184,0,需要唤醒的客户,"通过邮件/短信进行召回, 提供限时优惠"
JL-15235,306,5,641.728,0,需要唤醒的客户,"通过邮件/短信进行召回, 提供限时优惠"
JL-15505,31,13,3037.218,1,潜力增长用户,"发放优惠券, 推荐相关产品, 激励其提高消费频率"
JL-15835,91,12,2340.804,1,潜力增长用户,"发放优惠券, 推荐相关产品, 激励其提高消费频率"
JL-15850,922,3,1643.0439999999999,3,低价值或流失客户,"维持基本服务, 减少营销投入"
JM-15250,345,7,954.902,1,潜力增长用户,"发放优惠券, 推荐相关产品, 激励其提高消费频率"
JM-15265,395,2,1045.21,0,需要唤醒的客户,"通过邮件/短信进行召回, 提供限时优惠"
JM-15535,3,1,8.36,0,需要唤醒的客户,"通过邮件/短信进行召回, 提供限时优惠"
JM-15580,372,3,154.772,0,需要唤醒的客户,"通过邮件/短信进行召回, 提供限时优惠"
JM-15655,365,4,424.021,0,需要唤醒的客户,"通过邮件/短信进行召回, 提供限时优惠"
JM-15865,3,4,511.764,0,需要唤醒的客户,"通过邮件/短信进行召回, 提供限时优惠"
JM-16195,4,8,919.2620000000001,1,潜力增长用户,"发放优惠券, 推荐相关产品, 激励其提高消费频率"
JO-15145,276,6,1778.2380000000003,1,潜力增长用户,"发放优惠券, 推荐相关产品, 激励其提高消费频率"
JO-15280,1035,1,1038.84,3,低价值或流失客户,"维持基本服务, 减少营销投入"
JO-15550,822,1,2.48,3,低价值或流失客户,"维持基本服务, 减少营销投入"
JP-15460,1036,3,235.97,3,低价值或流失客户,"维持基本服务, 减少营销投入"
JP-15520,122,12,3573.434,1,潜力增长用户,"发放优惠券, 推荐相关产品, 激励其提高消费频率"
JP-16135,7,7,1146.472,1,潜力增长用户,"发放优惠券, 推荐相关产品, 激励其提高消费频率"
JR-16210,434,3,130.73399999999998,0,需要唤醒的客户,"通过邮件/短信进行召回, 提供限时优惠"
JS-15595,306,6,619.75,0,需要唤醒的客户,"通过邮件/短信进行召回, 提供限时优惠"
JS-15880,375,3,1538.1499999999999,0,需要唤醒的客户,"通过邮件/短信进行召回, 提供限时优惠"
JS-15940,585,3,153.728,0,需要唤醒的客户,"通过邮件/短信进行召回, 提供限时优惠"
JS-16030,303,2,303.372,0,需要唤醒的客户,"通过邮件/短信进行召回, 提供限时优惠"
JW-15220,305,1,10.16,0,需要唤醒的客户,"通过邮件/短信进行召回, 提供限时优惠"
JW-15955,157,2,116.47999999999999,0,需要唤醒的客户,"通过邮件/短信进行召回, 提供限时优惠"
JW-16075,463,3,141.792,0,需要唤醒的客户,"通过邮件/短信进行召回, 提供限时优惠"
KA-16525,732,3,208.78,3,低价值或流失客户,"维持基本服务, 减少营销投入"
KB-16240,35,5,1802.894,0,需要唤醒的客户,"通过邮件/短信进行召回, 提供限时优惠"
KB-16315,100,6,637.4839999999999,0,需要唤醒的客户,"通过邮件/短信进行召回, 提供限时优惠"
KB-16405,247,6,753.661,0,需要唤醒的客户,"通过邮件/短信进行召回, 提供限时优惠"
KB-16585,9,13,894.47,1,潜力增长用户,"发放优惠券, 推荐相关产品, 激励其提高消费频率"
KB-16600,91,5,133.596,0,需要唤醒的客户,"通过邮件/短信进行召回, 提供限时优惠"
KC-16255,674,3,181.63400000000001,3,低价值或流失客户,"维持基本服务, 减少营销投入"
KC-16540,398,3,3802.91,0,需要唤醒的客户,"通过邮件/短信进行召回, 提供限时优惠"
KC-16675,276,2,446.99600000000004,0,需要唤醒的客户,"通过邮件/短信进行召回, 提供限时优惠"
KD-16270,615,16,8282.358,2,高价值核心用户,"提供VIP服务, 新品优先体验, 定制化关怀"
KD-16345,1402,2,72.69,3,低价值或流失客户,"维持基本服务, 减少营销投入"
KD-16495,94,16,7279.562,2,高价值核心用户,"提供VIP服务, 新品优先体验, 定制化关怀"
KD-16615,312,1,107.648,0,需要唤醒的客户,"通过邮件/短信进行召回, 提供限时优惠"
KE-16420,244,6,439.64,0,需要唤醒的客户,"通过邮件/短信进行召回, 提供限时优惠"
KF-16285,33,10,9536.564,2,高价值核心用户,"提供VIP服务, 新品优先体验, 定制化关怀"
KH-16330,1317,3,118.44799999999998,3,低价值或流失客户,"维持基本服务, 减少营销投入"
KH-16360,283,2,33.172000000000004,0,需要唤醒的客户,"通过邮件/短信进行召回, 提供限时优惠"
KH-16510,122,10,4055.487,1,潜力增长用户,"发放优惠券, 推荐相关产品, 激励其提高消费频率"
KH-16630,33,10,1335.554,1,潜力增长用户,"发放优惠券, 推荐相关产品, 激励其提高消费频率"
KH-16690,370,2,108.72,0,需要唤醒的客户,"通过邮件/短信进行召回, 提供限时优惠"
KL-16555,245,6,2252.156,1,潜力增长用户,"发放优惠券, 推荐相关产品, 激励其提高消费频率"
KL-16645,99,10,1629.881,1,潜力增长用户,"发放优惠券, 推荐相关产品, 激励其提高消费频率"
KM-16225,91,14,1840.7240000000002,1,潜力增长用户,"发放优惠券, 推荐相关产品, 激励其提高消费频率"
KM-16375,245,4,310.64,0,需要唤醒的客户,"通过邮件/短信进行召回, 提供限时优惠"
KM-16660,703,4,148.952,3,低价值或流失客户,"维持基本服务, 减少营销投入"
KM-16720,303,5,1317.858,0,需要唤醒的客户,"通过邮件/短信进行召回, 提供限时优惠"
KN-16390,30,10,1518.104,1,潜力增长用户,"发放优惠券, 推荐相关产品, 激励其提高消费频率"
KN-16450,123,6,2162.875,1,潜力增长用户,"发放优惠券, 推荐相关产品, 激励其提高消费频率"
KN-16705,36,3,51.519999999999996,0,需要唤醒的客户,"通过邮件/短信进行召回, 提供限时优惠"
KS-16300,70,2,61.876,0,需要唤醒的客户,"通过邮件/短信进行召回, 提供限时优惠"
KT-16465,609,4,1271.566,3,低价值或流失客户,"维持基本服务, 减少营销投入"
KT-16480,429,6,4240.492,1,潜力增长用户,"发放优惠券, 推荐相关产品, 激励其提高消费频率"
KW-16435,913,1,2.772,3,低价值或流失客户,"维持基本服务, 减少营销投入"
KW-16570,887,2,241.34,3,低价值或流失客户,"维持基本服务, 减少营销投入"
LA-16780,467,8,2118.786,1,潜力增长用户,"发放优惠券, 推荐相关产品, 激励其提高消费频率"
LB-16735,1,1,26.72,0,需要唤醒的客户,"通过邮件/短信进行召回, 提供限时优惠"
LB-16795,98,16,3517.472,1,潜力增长用户,"发放优惠券, 推荐相关产品, 激励其提高消费频率"
LC-16870,275,17,1082.7659999999998,1,潜力增长用户,"发放优惠券, 推荐相关产品, 激励其提高消费频率"
LC-16885,6,2,27.42,0,需要唤醒的客户,"通过邮件/短信进行召回, 提供限时优惠"
LC-16930,64,8,523.904,1,潜力增长用户,"发放优惠券, 推荐相关产品, 激励其提高消费频率"
LC-16960,1065,1,2676.672,3,低价值或流失客户,"维持基本服务, 减少营销投入"
LC-17050,94,8,1804.3980000000001,1,潜力增长用户,"发放优惠券, 推荐相关产品, 激励其提高消费频率"
LC-17140,94,10,478.65999999999997,1,潜力增长用户,"发放优惠券, 推荐相关产品, 激励其提高消费频率"
LD-17005,396,2,315.564,0,需要唤醒的客户,"通过邮件/短信进行召回, 提供限时优惠"
LE-16810,91,2,474.66799999999995,0,需要唤醒的客户,"通过邮件/短信进行召回, 提供限时优惠"
LF-17185,122,7,1219.133,1,潜力增长用户,"发放优惠券, 推荐相关产品, 激励其提高消费频率"
LH-16750,338,1,271.96,0,需要唤醒的客户,"通过邮件/短信进行召回, 提供限时优惠"
LH-16900,91,7,982.0,1,潜力增长用户,"发放优惠券, 推荐相关产品, 激励其提高消费频率"
LH-17020,221,6,318.239,0,需要唤醒的客户,"通过邮件/短信进行召回, 提供限时优惠"
LH-17155,426,12,1321.395,1,潜力增长用户,"发放优惠券, 推荐相关产品, 激励其提高消费频率"
LL-16840,980,2,16.64,3,低价值或流失客户,"维持基本服务, 减少营销投入"
LM-17065,552,2,53.868,0,需要唤醒的客户,"通过邮件/短信进行召回, 提供限时优惠"
LO-17170,916,3,222.95,3,低价值或流失客户,"维持基本服务, 减少营销投入"
LP-17080,37,6,625.678,0,需要唤醒的客户,"通过邮件/短信进行召回, 提供限时优惠"
LP-17095,217,8,615.532,1,潜力增长用户,"发放优惠券, 推荐相关产品, 激励其提高消费频率"
LR-16915,244,13,4702.748,2,高价值核心用户,"提供VIP服务, 新品优先体验, 定制化关怀"
LR-17035,886,6,938.2490000000001,3,低价值或流失客户,"维持基本服务, 减少营销投入"
LS-16945,11,6,406.17400000000004,0,需要唤醒的客户,"通过邮件/短信进行召回, 提供限时优惠"
LS-16975,1,9,610.844,1,潜力增长用户,"发放优惠券, 推荐相关产品, 激励其提高消费频率"
LS-17230,1290,1,19.44,3,低价值或流失客户,"维持基本服务, 减少营销投入"
LT-16765,244,3,329.876,0,需要唤醒的客户,"通过邮件/短信进行召回, 提供限时优惠"
LT-17110,730,7,1991.9569999999999,3,低价值或流失客户,"维持基本服务, 减少营销投入"
LW-16825,277,3,601.7439999999999,0,需要唤醒的客户,"通过邮件/短信进行召回, 提供限时优惠"
LW-16990,100,8,2498.03,1,潜力增长用户,"发放优惠券, 推荐相关产品, 激励其提高消费频率"
LW-17125,128,5,1259.04,0,需要唤醒的客户,"通过邮件/短信进行召回, 提供限时优惠"
LW-17215,38,10,5124.192,2,高价值核心用户,"提供VIP服务, 新品优先体验, 定制化关怀"
MA-17560,791,15,2892.207,1,潜力增长用户,"发放优惠券, 推荐相关产品, 激励其提高消费频率"
MA-17995,519,4,1799.466,0,需要唤醒的客户,"通过邮件/短信进行召回, 提供限时优惠"
MB-17305,1,9,961.244,1,潜力增长用户,"发放优惠券, 推荐相关产品, 激励其提高消费频率"
MB-18085,190,8,1397.0169999999998,1,潜力增长用户,"发放优惠券, 推荐相关产品, 激励其提高消费频率"
MC-17275,886,6,1812.894,3,低价值或流失客户,"维持基本服务, 减少营销投入"
MC-17575,157,9,1260.0330000000001,1,潜力增长用户,"发放优惠券, 推荐相关产品, 激励其提高消费频率"
MC-17590,92,3,204.03,0,需要唤醒的客户,"通过邮件/短信进行召回, 提供限时优惠"
MC-17605,94,4,1106.25,0,需要唤醒的客户,"通过邮件/短信进行召回, 提供限时优惠"
MC-17635,1371,1,25.92,3,低价值或流失客户,"维持基本服务, 减少营销投入"
MC-17845,61,8,2971.77,1,潜力增长用户,"发放优惠券, 推荐相关产品, 激励其提高消费频率"
MC-18100,306,3,151.98000000000002,0,需要唤醒的客户,"通过邮件/短信进行召回, 提供限时优惠"
MC-18130,374,3,46.44,0,需要唤醒的客户,"通过邮件/短信进行召回, 提供限时优惠"
MD-17350,70,14,2610.992,1,潜力增长用户,"发放优惠券, 推荐相关产品, 激励其提高消费频率"
MD-17860,1399,3,114.78399999999999,3,低价值或流失客户,"维持基本服务, 减少营销投入"
ME-17320,6,15,8866.712,2,高价值核心用户,"提供VIP服务, 新品优先体验, 定制化关怀"
ME-17725,303,4,810.466,0,需要唤醒的客户,"通过邮件/短信进行召回, 提供限时优惠"
MF-17665,467,3,262.714,0,需要唤醒的客户,"通过邮件/短信进行召回, 提供限时优惠"
MF-18250,731,5,458.36400000000003,3,低价值或流失客户,"维持基本服务, 减少营销投入"
MG-17650,2,10,3222.0099999999998,1,潜力增长用户,"发放优惠券, 推荐相关产品, 激励其提高消费频率"
MG-17680,128,2,1515.186,0,需要唤醒的客户,"通过邮件/短信进行召回, 提供限时优惠"
MG-17695,858,2,145.504,3,低价值或流失客户,"维持基本服务, 减少营销投入"
MG-17875,217,2,354.664,0,需要唤醒的客户,"通过邮件/短信进行召回, 提供限时优惠"
MG-17890,162,2,66.07,0,需要唤醒的客户,"通过邮件/短信进行召回, 提供限时优惠"
MG-18145,155,6,2079.67,1,潜力增长用户,"发放优惠券, 推荐相关产品, 激励其提高消费频率"
MG-18205,69,2,16.739,0,需要唤醒的客户,"通过邮件/短信进行召回, 提供限时优惠"
MH-17290,39,4,987.1880000000001,0,需要唤醒的客户,"通过邮件/短信进行召回, 提供限时优惠"
MH-17440,497,2,258.748,0,需要唤醒的客户,"通过邮件/短信进行召回, 提供限时优惠"
MH-17455,426,4,1540.2520000000002,0,需要唤醒的客户,"通过邮件/短信进行召回, 提供限时优惠"
MH-17620,643,2,75.42,3,低价值或流失客户,"维持基本服务, 减少营销投入"
MH-17785,435,1,104.696,0,需要唤醒的客户,"通过邮件/短信进行召回, 提供限时优惠"
MH-18025,31,2,152.802,0,需要唤醒的客户,"通过邮件/短信进行召回, 提供限时优惠"
MH-18115,70,4,91.726,0,需要唤醒的客户,"通过邮件/短信进行召回, 提供限时优惠"
MJ-17740,39,9,1255.096,1,潜力增长用户,"发放优惠券, 推荐相关产品, 激励其提高消费频率"
MK-17905,303,1,47.96,0,需要唤醒的客户,"通过邮件/短信进行召回, 提供限时优惠"
MK-18160,251,9,778.9900000000001,1,潜力增长用户,"发放优惠券, 推荐相关产品, 激励其提高消费频率"
ML-17395,101,6,1234.21,0,需要唤醒的客户,"通过邮件/短信进行召回, 提供限时优惠"
ML-17410,184,2,175.324,0,需要唤醒的客户,"通过邮件/短信进行召回, 提供限时优惠"
ML-17755,31,9,1320.29,1,潜力增长用户,"发放优惠券, 推荐相关产品, 激励其提高消费频率"
ML-18040,2,3,681.242,0,需要唤醒的客户,"通过邮件/短信进行召回, 提供限时优惠"
MM-17260,40,1,147.568,0,需要唤醒的客户,"通过邮件/短信进行召回, 提供限时优惠"
MM-17920,247,6,3327.084,1,潜力增长用户,"发放优惠券, 推荐相关产品, 激励其提高消费频率"
MM-18055,125,5,1256.809,0,需要唤醒的客户,"通过邮件/短信进行召回, 提供限时优惠"
MM-18280,67,2,55.120000000000005,0,需要唤醒的客户,"通过邮件/短信进行召回, 提供限时优惠"
MN-17935,71,3,609.456,0,需要唤醒的客户,"通过邮件/短信进行召回, 提供限时优惠"
MO-17500,551,3,813.9639999999999,0,需要唤醒的客户,"通过邮件/短信进行召回, 提供限时优惠"
MO-17800,97,4,305.513,0,需要唤醒的客户,"通过邮件/短信进行召回, 提供限时优惠"
MO-17950,280,4,154.288,0,需要唤醒的客户,"通过邮件/短信进行召回, 提供限时优惠"
MP-17470,406,8,1750.956,1,潜力增长用户,"发放优惠券, 推荐相关产品, 激励其提高消费频率"
MP-17965,158,3,302.876,0,需要唤醒的客户,"通过邮件/短信进行召回, 提供限时优惠"
MP-18175,71,6,344.16700000000003,0,需要唤醒的客户,"通过邮件/短信进行召回, 提供限时优惠"
MR-17545,127,3,190.35999999999999,0,需要唤醒的客户,"通过邮件/短信进行召回, 提供限时优惠"
MS-17365,342,15,3098.204,1,潜力增长用户,"发放优惠券, 推荐相关产品, 激励其提高消费频率"
MS-17530,1066,2,337.29999999999995,3,低价值或流失客户,"维持基本服务, 减少营销投入"
MS-17710,366,5,127.452,0,需要唤醒的客户,"通过邮件/短信进行召回, 提供限时优惠"
MS-17770,427,4,603.7280000000001,0,需要唤醒的客户,"通过邮件/短信进行召回, 提供限时优惠"
MS-17830,611,4,359.836,3,低价值或流失客户,"维持基本服务, 减少营销投入"
MS-17980,244,8,721.984,1,潜力增长用户,"发放优惠券, 推荐相关产品, 激励其提高消费频率"
MT-17815,31,4,52.721,0,需要唤醒的客户,"通过邮件/短信进行召回, 提供限时优惠"
MT-18070,67,6,975.545,0,需要唤醒的客户,"通过邮件/短信进行召回, 提供限时优惠"
MV-17485,193,3,565.722,0,需要唤醒的客户,"通过邮件/短信进行召回, 提供限时优惠"
MV-18190,30,5,999.1080000000001,0,需要唤醒的客户,"通过邮件/短信进行召回, 提供限时优惠"
MW-18220,949,2,73.776,3,低价值或流失客户,"维持基本服务, 减少营销投入"
MY-17380,312,3,687.0840000000001,0,需要唤醒的客户,"通过邮件/短信进行召回, 提供限时优惠"
MY-18295,251,7,946.9720000000001,1,潜力增长用户,"发放优惠券, 推荐相关产品, 激励其提高消费频率"
MZ-17335,458,4,547.946,0,需要唤醒的客户,"通过邮件/短信进行召回, 提供限时优惠"
MZ-17515,401,8,2203.0460000000003,1,潜力增长用户,"发放优惠券, 推荐相关产品, 激励其提高消费频率"
NB-18655,30,4,605.004,0,需要唤醒的客户,"通过邮件/短信进行召回, 提供限时优惠"
NC-18340,982,7,1316.918,3,低价值或流失客户,"维持基本服务, 减少营销投入"
NC-18415,827,3,64.03200000000001,3,低价值或流失客户,"维持基本服务, 减少营销投入"
NC-18535,62,5,5741.405,2,高价值核心用户,"提供VIP服务, 新品优先体验, 定制化关怀"
NC-18625,97,5,991.472,0,需要唤醒的客户,"通过邮件/短信进行召回, 提供限时优惠"
ND-18370,275,4,727.028,0,需要唤醒的客户,"通过邮件/短信进行召回, 提供限时优惠"
ND-18460,67,4,1669.08,0,需要唤醒的客户,"通过邮件/短信进行召回, 提供限时优惠"
NF-18385,2,4,2181.474,0,需要唤醒的客户,"通过邮件/短信进行召回, 提供限时优惠"
NF-18475,1432,1,4.71,3,低价值或流失客户,"维持基本服务, 减少营销投入"
NF-18595,156,8,389.33599999999996,1,潜力增长用户,"发放优惠券, 推荐相关产品, 激励其提高消费频率"
NG-18355,1,1,370.782,0,需要唤醒的客户,"通过邮件/短信进行召回, 提供限时优惠"
NG-18430,1,5,1278.944,0,需要唤醒的客户,"通过邮件/短信进行召回, 提供限时优惠"
NH-18610,130,2,580.8599999999999,0,需要唤醒的客户,"通过邮件/短信进行召回, 提供限时优惠"
NK-18490,2,2,102.83,0,需要唤醒的客户,"通过邮件/短信进行召回, 提供限时优惠"
NL-18310,304,6,1158.882,0,需要唤醒的客户,"通过邮件/短信进行召回, 提供限时优惠"
NM-18445,1226,8,5321.484,2,高价值核心用户,"提供VIP服务, 新品优先体验, 定制化关怀"
NM-18520,529,7,1885.814,1,潜力增长用户,"发放优惠券, 推荐相关产品, 激励其提高消费频率"
NP-18325,214,13,3817.888,1,潜力增长用户,"发放优惠券, 推荐相关产品, 激励其提高消费频率"
NP-18670,2,6,2353.94,1,潜力增长用户,"发放优惠券, 推荐相关产品, 激励其提高消费频率"
NP-18685,913,3,1115.008,3,低价值或流失客户,"维持基本服务, 减少营销投入"
NP-18700,369,7,7174.7185,2,高价值核心用户,"提供VIP服务, 新品优先体验, 定制化关怀"
NR-18550,281,10,1747.377,1,潜力增长用户,"发放优惠券, 推荐相关产品, 激励其提高消费频率"
NS-18505,336,4,413.784,0,需要唤醒的客户,"通过邮件/短信进行召回, 提供限时优惠"
NS-18640,96,17,2049.879,1,潜力增长用户,"发放优惠券, 推荐相关产品, 激励其提高消费频率"
NW-18400,35,8,3598.987,1,潜力增长用户,"发放优惠券, 推荐相关产品, 激励其提高消费频率"
NZ-18565,185,11,1452.376,1,潜力增长用户,"发放优惠券, 推荐相关产品, 激励其提高消费频率"
ON-18715,404,9,753.08,1,潜力增长用户,"发放优惠券, 推荐相关产品, 激励其提高消费频率"
OT-18730,432,3,1388.7800000000002,0,需要唤醒的客户,"通过邮件/短信进行召回, 提供限时优惠"
PA-19060,1043,2,112.03999999999999,3,低价值或流失客户,"维持基本服务, 减少营销投入"
PB-18805,214,5,497.04400000000004,0,需要唤醒的客户,"通过邮件/短信进行召回, 提供限时优惠"
PB-19105,276,1,40.776,0,需要唤醒的客户,"通过邮件/短信进行召回, 提供限时优惠"
PB-19150,1096,1,23.472,3,低价值或流失客户,"维持基本服务, 减少营销投入"
PB-19210,405,1,69.93,0,需要唤醒的客户,"通过邮件/短信进行召回, 提供限时优惠"
PC-18745,427,2,225.82799999999997,0,需要唤醒的客户,"通过邮件/短信进行召回, 提供限时优惠"
PC-19000,1069,3,1061.488,3,低价值或流失客户,"维持基本服务, 减少营销投入"
PF-19120,891,5,887.74,3,低价值或流失客户,"维持基本服务, 减少营销投入"
PF-19165,457,1,479.97,0,需要唤醒的客户,"通过邮件/短信进行召回, 提供限时优惠"
PF-19225,156,8,2058.946,1,潜力增长用户,"发放优惠券, 推荐相关产品, 激励其提高消费频率"
PG-18820,31,9,1042.7259999999999,1,潜力增长用户,"发放优惠券, 推荐相关产品, 激励其提高消费频率"
PG-18895,276,6,753.4799999999999,0,需要唤醒的客户,"通过邮件/短信进行召回, 提供限时优惠"
PJ-18835,276,3,50.0,0,需要唤醒的客户,"通过邮件/短信进行召回, 提供限时优惠"
PJ-19015,490,2,155.0,0,需要唤醒的客户,"通过邮件/短信进行召回, 提供限时优惠"
PK-18910,643,3,1441.152,3,低价值或流失客户,"维持基本服务, 减少营销投入"
PK-19075,154,11,2917.956,1,潜力增长用户,"发放优惠券, 推荐相关产品, 激励其提高消费频率"
PL-18925,1431,2,65.8,3,低价值或流失客户,"维持基本服务, 减少营销投入"
PM-18940,456,2,1103.6599999999999,0,需要唤醒的客户,"通过邮件/短信进行召回, 提供限时优惠"
PM-19135,92,3,751.288,0,需要唤醒的客户,"通过邮件/短信进行召回, 提供限时优惠"
PN-18775,92,4,181.852,0,需要唤醒的客户,"通过邮件/短信进行召回, 提供限时优惠"
PO-18850,188,8,434.46000000000004,1,潜力增长用户,"发放优惠券, 推荐相关产品, 激励其提高消费频率"
PO-18865,218,3,338.86,0,需要唤醒的客户,"通过邮件/短信进行召回, 提供限时优惠"
PO-19180,368,11,3866.6349999999998,1,潜力增长用户,"发放优惠券, 推荐相关产品, 激励其提高消费频率"
PO-19195,216,5,524.7819999999999,0,需要唤醒的客户,"通过邮件/短信进行召回, 提供限时优惠"
PP-18955,427,23,3453.344,2,高价值核心用户,"提供VIP服务, 新品优先体验, 定制化关怀"
PR-18880,768,3,153.872,3,低价值或流失客户,"维持基本服务, 减少营销投入"
PS-18760,465,4,435.84999999999997,0,需要唤醒的客户,"通过邮件/短信进行召回, 提供限时优惠"
PS-18970,246,3,219.94799999999998,0,需要唤醒的客户,"通过邮件/短信进行召回, 提供限时优惠"
PS-19045,129,3,3389.8320000000003,0,需要唤醒的客户,"通过邮件/短信进行召回, 提供限时优惠"
PT-19090,582,2,98.636,0,需要唤醒的客户,"通过邮件/短信进行召回, 提供限时优惠"
PV-18985,39,8,2332.026,1,潜力增长用户,"发放优惠券, 推荐相关产品, 激励其提高消费频率"
PW-19030,218,3,220.48200000000003,0,需要唤醒的客户,"通过邮件/短信进行召回, 提供限时优惠"
PW-19240,1005,1,359.499,3,低价值或流失客户,"维持基本服务, 减少营销投入"
QJ-19255,214,7,4947.477999999999,2,高价值核心用户,"提供VIP服务, 新品优先体验, 定制化关怀"
RA-19285,247,6,831.886,0,需要唤醒的客户,"通过邮件/短信进行召回, 提供限时优惠"
RA-19885,215,3,1380.518,0,需要唤醒的客户,"通过邮件/短信进行召回, 提供限时优惠"
RA-19915,1431,2,2027.144,3,低价值或流失客户,"维持基本服务, 减少营销投入"
RA-19945,791,1,25.488,3,低价值或流失客户,"维持基本服务, 减少营销投入"
RB-19360,707,6,560.78,3,低价值或流失客户,"维持基本服务, 减少营销投入"
RB-19435,1039,4,161.022,3,低价值或流失客户,"维持基本服务, 减少营销投入"
RB-19465,465,10,1389.114,1,潜力增长用户,"发放优惠券, 推荐相关产品, 激励其提高消费频率"
RB-19570,214,4,398.474,0,需要唤醒的客户,"通过邮件/短信进行召回, 提供限时优惠"
RB-19705,184,1,5.682,0,需要唤醒的客户,"通过邮件/短信进行召回, 提供限时优惠"
RB-19795,216,4,201.054,0,需要唤醒的客户,"通过邮件/短信进行召回, 提供限时优惠"
RC-19825,554,3,363.524,0,需要唤醒的客户,"通过邮件/短信进行召回, 提供限时优惠"
RC-19960,33,3,363.418,0,需要唤醒的客户,"通过邮件/短信进行召回, 提供限时优惠"
RD-19480,618,4,1891.0700000000002,3,低价值或流失客户,"维持基本服务, 减少营销投入"
RD-19585,280,6,1740.518,1,潜力增长用户,"发放优惠券, 推荐相关产品, 激励其提高消费频率"
RD-19660,156,1,1577.94,0,需要唤醒的客户,"通过邮件/短信进行召回, 提供限时优惠"
RD-19720,91,10,706.067,1,潜力增长用户,"发放优惠券, 推荐相关产品, 激励其提高消费频率"
RD-19810,285,7,712.9359999999999,0,需要唤醒的客户,"通过邮件/短信进行召回, 提供限时优惠"
RD-19900,156,12,1895.92,1,潜力增长用户,"发放优惠券, 推荐相关产品, 激励其提高消费频率"
RD-19930,69,7,164.012,0,需要唤醒的客户,"通过邮件/短信进行召回, 提供限时优惠"
RE-19450,284,1,26.88,0,需要唤醒的客户,"通过邮件/短信进行召回, 提供限时优惠"
RF-19345,579,2,22.032,0,需要唤醒的客户,"通过邮件/短信进行召回, 提供限时优惠"
RF-19735,305,5,338.56,0,需要唤醒的客户,"通过邮件/短信进行召回, 提供限时优惠"
RF-19840,365,3,489.792,0,需要唤醒的客户,"通过邮件/短信进行召回, 提供限时优惠"
RH-19495,4,1,20.736,0,需要唤醒的客户,"通过邮件/短信进行召回, 提供限时优惠"
RH-19510,435,2,3384.45,0,需要唤醒的客户,"通过邮件/短信进行召回, 提供限时优惠"
RH-19555,974,1,8.226,3,低价值或流失客户,"维持基本服务, 减少营销投入"
RH-19600,853,10,2056.7400000000002,1,潜力增长用户,"发放优惠券, 推荐相关产品, 激励其提高消费频率"
RK-19300,306,2,221.862,0,需要唤醒的客户,"通过邮件/短信进行召回, 提供限时优惠"
RL-19615,158,19,4608.125,2,高价值核心用户,"提供VIP服务, 新品优先体验, 定制化关怀"
RM-19375,495,3,617.414,0,需要唤醒的客户,"通过邮件/短信进行召回, 提供限时优惠"
RM-19675,1067,2,334.43,3,低价值或流失客户,"维持基本服务, 减少营销投入"
RM-19750,192,2,98.35,0,需要唤醒的客户,"通过邮件/短信进行召回, 提供限时优惠"
RO-19780,427,5,1853.29,0,需要唤醒的客户,"通过邮件/短信进行召回, 提供限时优惠"
RP-19270,917,4,467.6532,3,低价值或流失客户,"维持基本服务, 减少营销投入"
RP-19390,891,7,2929.116,3,低价值或流失客户,"维持基本服务, 减少营销投入"
RP-19855,303,2,547.5699999999999,0,需要唤醒的客户,"通过邮件/短信进行召回, 提供限时优惠"
RR-19315,30,3,608.552,0,需要唤醒的客户,"通过邮件/短信进行召回, 提供限时优惠"
RR-19525,944,5,2401.794,3,低价值或流失客户,"维持基本服务, 减少营销投入"
RS-19420,133,5,2142.4,0,需要唤醒的客户,"通过邮件/短信进行召回, 提供限时优惠"
RS-19765,125,7,2148.35,1,潜力增长用户,"发放优惠券, 推荐相关产品, 激励其提高消费频率"
RS-19870,30,3,22.328,0,需要唤醒的客户,"通过邮件/短信进行召回, 提供限时优惠"
RW-19540,160,7,2784.614,1,潜力增长用户,"发放优惠券, 推荐相关产品, 激励其提高消费频率"
RW-19630,305,6,272.298,0,需要唤醒的客户,"通过邮件/短信进行召回, 提供限时优惠"
RW-19690,2,10,1250.64,1,潜力增长用户,"发放优惠券, 推荐相关产品, 激励其提高消费频率"
SA-20830,99,4,291.246,0,需要唤醒的客户,"通过邮件/短信进行召回, 提供限时优惠"
SB-20170,6,7,1348.02,1,潜力增长用户,"发放优惠券, 推荐相关产品, 激励其提高消费频率"
SB-20185,6,2,91.416,0,需要唤醒的客户,"通过邮件/短信进行召回, 提供限时优惠"
SB-20290,94,11,1648.904,1,潜力增长用户,"发放优惠券, 推荐相关产品, 激励其提高消费频率"
SC-20020,792,10,2009.4340000000002,1,潜力增长用户,"发放优惠券, 推荐相关产品, 激励其提高消费频率"
SC-20050,38,3,378.894,0,需要唤醒的客户,"通过邮件/短信进行召回, 提供限时优惠"
SC-20095,853,7,2195.45,3,低价值或流失客户,"维持基本服务, 减少营销投入"
SC-20230,279,4,1032.836,0,需要唤醒的客户,"通过邮件/短信进行召回, 提供限时优惠"
SC-20260,1287,2,687.4499999999999,3,低价值或流失客户,"维持基本服务, 减少营销投入"
SC-20305,67,4,555.429,0,需要唤醒的客户,"通过邮件/短信进行召回, 提供限时优惠"
SC-20380,285,8,821.694,1,潜力增长用户,"发放优惠券, 推荐相关产品, 激励其提高消费频率"
SC-20440,977,2,147.08,3,低价值或流失客户,"维持基本服务, 减少营销投入"
SC-20575,823,3,50.461999999999996,3,低价值或流失客户,"维持基本服务, 减少营销投入"
SC-20695,65,8,1636.028,1,潜力增长用户,"发放优惠券, 推荐相关产品, 激励其提高消费频率"
SC-20725,345,12,2393.132,1,潜力增长用户,"发放优惠券, 推荐相关产品, 激励其提高消费频率"
SC-20770,312,4,244.09799999999998,0,需要唤醒的客户,"通过邮件/短信进行召回, 提供限时优惠"
SC-20800,760,2,206.328,3,低价值或流失客户,"维持基本服务, 减少营销投入"
SC-20845,396,1,14.112,0,需要唤醒的客户,"通过邮件/短信进行召回, 提供限时优惠"
SD-20485,1099,5,398.714,3,低价值或流失客户,"维持基本服务, 减少营销投入"
SE-20110,401,12,10402.534000000001,2,高价值核心用户,"提供VIP服务, 新品优先体验, 定制化关怀"
SF-20065,335,5,612.55,0,需要唤醒的客户,"通过邮件/短信进行召回, 提供限时优惠"
SF-20200,335,9,2830.054,1,潜力增长用户,"发放优惠券, 推荐相关产品, 激励其提高消费频率"
SF-20965,1,8,322.606,1,潜力增长用户,"发放优惠券, 推荐相关产品, 激励其提高消费频率"
SG-20470,1036,2,26.82,3,低价值或流失客户,"维持基本服务, 减少营销投入"
SG-20605,913,7,2622.882,3,低价值或流失客户,"维持基本服务, 减少营销投入"
SG-20890,703,1,19.648,3,低价值或流失客户,"维持基本服务, 减少营销投入"
SH-19975,192,9,1221.4679999999998,1,潜力增长用户,"发放优惠券, 推荐相关产品, 激励其提高消费频率"
SH-20395,64,13,2173.614,1,潜力增长用户,"发放优惠券, 推荐相关产品, 激励其提高消费频率"
SJ-20125,34,8,353.038,1,潜力增长用户,"发放优惠券, 推荐相关产品, 激励其提高消费频率"
SJ-20215,334,4,911.13,0,需要唤醒的客户,"通过邮件/短信进行召回, 提供限时优惠"
SJ-20500,699,4,1000.592,3,低价值或流失客户,"维持基本服务, 减少营销投入"
SL-20155,1373,2,67.75999999999999,3,低价值或流失客户,"维持基本服务, 减少营销投入"
SM-20005,610,4,195.192,3,低价值或流失客户,"维持基本服务, 减少营销投入"
SM-20320,2,2,534.418,0,需要唤醒的客户,"通过邮件/短信进行召回, 提供限时优惠"
SM-20905,647,6,1043.041,3,低价值或流失客户,"维持基本服务, 减少营销投入"
SM-20950,214,5,455.736,0,需要唤醒的客户,"通过邮件/短信进行召回, 提供限时优惠"
SN-20560,64,7,1191.9840000000002,1,潜力增长用户,"发放优惠券, 推荐相关产品, 激励其提高消费频率"
SN-20710,2,3,368.324,0,需要唤醒的客户,"通过邮件/短信进行召回, 提供限时优惠"
SO-20335,94,12,2417.3235,1,潜力增长用户,"发放优惠券, 推荐相关产品, 激励其提高消费频率"
SP-20545,193,4,625.668,0,需要唤醒的客户,"通过邮件/短信进行召回, 提供限时优惠"
SP-20620,94,15,4459.1230000000005,2,高价值核心用户,"提供VIP服务, 新品优先体验, 定制化关怀"
SP-20650,366,7,759.6360000000001,0,需要唤醒的客户,"通过邮件/短信进行召回, 提供限时优惠"
SP-20860,2,5,107.554,0,需要唤醒的客户,"通过邮件/短信进行召回, 提供限时优惠"
SP-20920,366,5,3588.096,1,潜力增长用户,"发放优惠券, 推荐相关产品, 激励其提高消费频率"
SR-20425,123,2,265.27200000000005,0,需要唤醒的客户,"通过邮件/短信进行召回, 提供限时优惠"
SR-20740,648,4,139.086,3,低价值或流失客户,"维持基本服务, 减少营销投入"
SS-20140,281,3,60.622,0,需要唤醒的客户,"通过邮件/短信进行召回, 提供限时优惠"
SS-20410,33,6,534.638,0,需要唤醒的客户,"通过邮件/短信进行召回, 提供限时优惠"
SS-20590,463,6,182.17000000000002,0,需要唤醒的客户,"通过邮件/短信进行召回, 提供限时优惠"
SS-20875,337,2,42.91,0,需要唤醒的客户,"通过邮件/短信进行召回, 提供限时优惠"
ST-20530,1074,1,58.72,3,低价值或流失客户,"维持基本服务, 减少营销投入"
SU-20665,61,9,1199.234,1,潜力增长用户,"发放优惠券, 推荐相关产品, 激励其提高消费频率"
SV-20365,187,5,1104.896,0,需要唤醒的客户,"通过邮件/短信进行召回, 提供限时优惠"
SV-20785,884,14,2474.639,1,潜力增长用户,"发放优惠券, 推荐相关产品, 激励其提高消费频率"
SV-20815,981,1,125.93,3,低价值或流失客户,"维持基本服务, 减少营销投入"
SV-20935,215,2,458.61,0,需要唤醒的客户,"通过邮件/短信进行召回, 提供限时优惠"
SW-20245,63,5,443.15,0,需要唤醒的客户,"通过邮件/短信进行召回, 提供限时优惠"
SW-20275,427,3,907.9499999999999,0,需要唤醒的客户,"通过邮件/短信进行召回, 提供限时优惠"
SW-20350,464,2,523.18,0,需要唤醒的客户,"通过邮件/短信进行召回, 提供限时优惠"
SW-20455,760,2,316.52,3,低价值或流失客户,"维持基本服务, 减少营销投入"
SW-20755,1400,2,94.732,3,低价值或流失客户,"维持基本服务, 减少营销投入"
SZ-20035,127,13,1040.781,1,潜力增长用户,"发放优惠券, 推荐相关产品, 激励其提高消费频率"
TA-21385,252,6,879.1619999999999,0,需要唤醒的客户,"通过邮件/短信进行召回, 提供限时优惠"
TB-21055,306,3,237.64,0,需要唤醒的客户,"通过邮件/短信进行召回, 提供限时优惠"
TB-21175,304,11,3589.296,1,潜力增长用户,"发放优惠券, 推荐相关产品, 激励其提高消费频率"
TB-21190,31,2,42.72,0,需要唤醒的客户,"通过邮件/短信进行召回, 提供限时优惠"
TB-21250,520,12,961.152,1,潜力增长用户,"发放优惠券, 推荐相关产品, 激励其提高消费频率"
TB-21280,1430,1,95.968,3,低价值或流失客户,"维持基本服务, 减少营销投入"
TB-21355,187,1,115.296,0,需要唤醒的客户,"通过邮件/短信进行召回, 提供限时优惠"
TB-21400,36,12,1856.71,1,潜力增长用户,"发放优惠券, 推荐相关产品, 激励其提高消费频率"
TB-21520,619,1,14.368,3,低价值或流失客户,"维持基本服务, 减少营销投入"
TB-21625,398,3,442.66999999999996,0,需要唤醒的客户,"通过邮件/短信进行召回, 提供限时优惠"
TC-20980,670,7,18437.138000000003,2,高价值核心用户,"提供VIP服务, 新品优先体验, 定制化关怀"
TC-21295,190,3,921.34,0,需要唤醒的客户,"通过邮件/短信进行召回, 提供限时优惠"
TC-21475,311,3,805.72,0,需要唤醒的客户,"通过邮件/短信进行召回, 提供限时优惠"
TC-21535,153,4,122.47999999999999,0,需要唤醒的客户,"通过邮件/短信进行召回, 提供限时优惠"
TD-20995,31,6,74.93599999999999,0,需要唤醒的客户,"通过邮件/短信进行召回, 提供限时优惠"
TG-21310,671,2,1004.588,3,低价值或流失客户,"维持基本服务, 减少营销投入"
TG-21640,156,4,744.556,0,需要唤醒的客户,"通过邮件/短信进行召回, 提供限时优惠"
TH-21100,463,1,27.86,0,需要唤醒的客户,"通过邮件/短信进行召回, 提供限时优惠"
TH-21115,304,5,904.464,0,需要唤醒的客户,"通过邮件/短信进行召回, 提供限时优惠"
TH-21235,128,5,547.652,0,需要唤醒的客户,"通过邮件/短信进行召回, 提供限时优惠"
TH-21550,1318,1,55.48,3,低价值或流失客户,"维持基本服务, 减少营销投入"
TM-21010,733,7,616.54,3,低价值或流失客户,"维持基本服务, 减少营销投入"
TN-21040,336,4,802.312,0,需要唤醒的客户,"通过邮件/短信进行召回, 提供限时优惠"
TP-21130,244,5,1836.3500000000001,0,需要唤醒的客户,"通过邮件/短信进行召回, 提供限时优惠"
TP-21415,101,4,397.74399999999997,0,需要唤醒的客户,"通过邮件/短信进行召回, 提供限时优惠"
TP-21565,610,8,1598.9519999999998,1,潜力增长用户,"发放优惠券, 推荐相关产品, 激励其提高消费频率"
TR-21325,490,4,410.59999999999997,0,需要唤醒的客户,"通过邮件/短信进行召回, 提供限时优惠"
TS-21085,164,1,2.808,0,需要唤醒的客户,"通过邮件/短信进行召回, 提供限时优惠"
TS-21160,649,2,60.63,3,低价值或流失客户,"维持基本服务, 减少营销投入"
TS-21205,703,7,1249.124,3,低价值或流失客户,"维持基本服务, 减少营销投入"
TS-21340,800,2,9.72,3,低价值或流失客户,"维持基本服务, 减少营销投入"
TS-21370,37,7,6856.017,2,高价值核心用户,"提供VIP服务, 新品优先体验, 定制化关怀"
TS-21430,35,4,647.68,0,需要唤醒的客户,"通过邮件/短信进行召回, 提供限时优惠"
TS-21505,154,3,563.892,0,需要唤醒的客户,"通过邮件/短信进行召回, 提供限时优惠"
TS-21610,6,4,269.86,0,需要唤醒的客户,"通过邮件/短信进行召回, 提供限时优惠"
TS-21655,190,8,2167.904,1,潜力增长用户,"发放优惠券, 推荐相关产品, 激励其提高消费频率"
TT-21070,402,4,284.85400000000004,0,需要唤醒的客户,"通过邮件/短信进行召回, 提供限时优惠"
TT-21220,610,9,443.524,1,潜力增长用户,"发放优惠券, 推荐相关产品, 激励其提高消费频率"
TT-21265,670,1,61.44,3,低价值或流失客户,"维持基本服务, 减少营销投入"
TT-21460,253,5,2193.7960000000003,0,需要唤醒的客户,"通过邮件/短信进行召回, 提供限时优惠"
TW-21025,947,6,4278.610000000001,3,低价值或流失客户,"维持基本服务, 减少营销投入"
TZ-21580,974,5,1209.276,3,低价值或流失客户,"维持基本服务, 减少营销投入"
VB-21745,131,3,674.32,0,需要唤醒的客户,"通过邮件/短信进行召回, 提供限时优惠"
VD-21670,945,12,4733.23,2,高价值核心用户,"提供VIP服务, 新品优先体验, 定制化关怀"
VF-21715,127,6,785.164,0,需要唤醒的客户,"通过邮件/短信进行召回, 提供限时优惠"
VG-21790,127,3,441.804,0,需要唤醒的客户,"通过邮件/短信进行召回, 提供限时优惠"
VG-21805,372,1,10.96,0,需要唤醒的客户,"通过邮件/短信进行召回, 提供限时优惠"
VM-21685,184,8,1738.988,1,潜力增长用户,"发放优惠券, 推荐相关产品, 激励其提高消费频率"
VM-21835,247,3,143.48999999999998,0,需要唤醒的客户,"通过邮件/短信进行召回, 提供限时优惠"
VP-21730,949,1,19.0,3,低价值或流失客户,"维持基本服务, 减少营销投入"
VP-21760,1187,5,734.4839999999999,3,低价值或流失客户,"维持基本服务, 减少营销投入"
VS-21820,498,5,274.38599999999997,0,需要唤醒的客户,"通过邮件/短信进行召回, 提供限时优惠"
VT-21700,952,9,1736.596,3,低价值或流失客户,"维持基本服务, 减少营销投入"
VW-21775,40,12,3755.732,1,潜力增长用户,"发放优惠券, 推荐相关产品, 激励其提高消费频率"
WB-21850,31,23,4559.547,2,高价值核心用户,"提供VIP服务, 新品优先体验, 定制化关怀"
XP-21865,93,15,878.482,1,潜力增长用户,"发放优惠券, 推荐相关产品, 激励其提高消费频率"
YC-21895,526,4,1587.18,0,需要唤醒的客户,"通过邮件/短信进行召回, 提供限时优惠"
YS-21880,221,5,967.192,0,需要唤醒的客户,"通过邮件/短信进行召回, 提供限时优惠"
ZC-21910,36,10,3161.2059999999997,1,潜力增长用户,"发放优惠券, 推荐相关产品, 激励其提高消费频率"
ZD-21925,36,6,1249.184,0,需要唤醒的客户,"通过邮件/短信进行召回, 提供限时优惠"
